{
    "usa_mapset": [
        -2835716.817113642,
        3354925.889536385,
        -565998.9766391374,
        2454891.4925032905
    ],
    "centralusa_mapset": [
        -1911822.0999322424,
        1911822.09993218,
        -624677.8477556854,
        1002211.3915680969
    ],
    "midatlantic_mapset": [
        -847916.995672544,
        847916.9956724895,
        237818.01288793387,
        1033215.698192595
    ],
    "maryland_mapset": [
        -265218.7660984311,
        265218.7660983782,
        -120580.88107189738,
        129103.65644530563
    ],
    "northatlantic_mapset": [
        -5384215.02061004,
        5384215.020610003,
        -1619607.0069842578,
        3822149.759754743
    ],
    "europe_mapset": [
        -5846149.397540886,
        5846149.397540898,
        -1104680.3014236237,
        4783364.778330654
    ],
    "asia_mapset": [
        -6393991.84480179,
        6393991.844801882,
        -1096551.6795776596,
        5459696.8324204935
    ],
    "australia_mapset": [
        60.0,
        180.0,
        -45.0,
        10.0
    ],
    "africa_mapset": [
        -5388628.491284374,
        8195775.362529894,
        -4181130.202717215,
        4815065.989364865
    ],
    "southamerica_mapset": [
        -135.0,
        -5.0,
        -45.0,
        15.0
    ],
    "northamerica_mapset": [
        -5984614.298814687,
        5984614.2988146255,
        -257812.15339619247,
        5711284.300921155
    ],
    "epacific_mapset": [
        -9138563.82420983,
        7890718.511846664,
        -2904645.6079796143,
        6699557.051052097
    ],
    "indianocean_mapset": [
        -5591605.226644853,
        5591605.226644914,
        -3035593.605224261,
        3035593.6052242606
    ],
    "westatlantic_mapset": [
        -3527056.2673322666,
        4049961.282145591,
        -155441.16875687393,
        3593843.1639843443
    ],
    "northamerica_proj": [
        -5476336.097965347,
        5476336.097965347,
        -5476336.097965347,
        5476336.097965347
    ],
    "westpacific_proj": [
        -5476336.097965347,
        5476336.097965347,
        -5476336.097965347,
        5476336.097965347
    ],
    "goeseast_proj": [
        -5434177.815885395,
        5434177.815885395,
        -5412932.376718026,
        5412932.376718026
    ],
    "goeswest_proj": [
        -5434177.815885395,
        5434177.815885395,
        -5412932.376718026,
        5412932.376718026
    ],
    "meteosat8_proj": [
        -5434177.815885395,
        5434177.815885395,
        -5412932.376718026,
        5412932.376718026
    ],
    "meteosat10_proj": [
        -5434177.815885395,
        5434177.815885395,
        -5412932.376718026,
        5412932.376718026
    ],
    "himawari_proj": [
        -5434177.815885395,
        5434177.815885395,
        -5412932.376718026,
        5412932.376718026
    ],
    "nh_proj": [
        -5476336.097965347,
        5476336.097965347,
        -5476336.097965347,
        5476336.097965347
    ],
    "sh_proj": [
        -5476336.097965347,
        5476336.097965347,
        -5476336.097965347,
        5476336.097965347
    ]
}